name,cardnum,email,booksout,duedate,booksorder
Patron Twenty,999292,patron20@mail.com,"Book1, Jude Smith, 839",6/19/19,"Book34, Person One"
Patron One,10101011,patron1@mail.com,"Book1, Jude Smith, 839",5/16/19,"Book34, Person One"
Patron Ten,11111033,patron10@mail.com,"Book1, Jude Smith, 839",5/24/19,"Book34, Person One"
Patron Two,11111123,patron2@mail.com,"Book1, Jude Smith, 339",5/16/19,"Book34, Person One"
Patron Three,11111133,patron3@mail.com,"Book1, Jude Smith3, 839",5/17/19,"Book34, Person One"
Patron Four,11111143,patron4@mail.com,"Book1, Jude Smith, 394",5/18/19,"Book34, Person One"
Patron Five,11111153,patron5@mail.com,"Book1, Jude Smith, 839",5/19/19,"Book34, Person One"
Patron Six,11111163,patron6@mail.com,"Book1, Jude Smith, 839",5/20/19,"Book34, Person One"
Patron Seven,11111173,patron7@mail.com,"Book1, Jude Smith, 839",5/21/19,"Book34, Person One"
Patron Eight,11111183,patron8@mail.com,"Book1, Jude Smith, 839",5/22/19,"Book34, Person One"
Patron Nine,11111193,patron9@mail.com,"Book1, Jude Smith, 839",5/23/19,"Book34, Person One"
Patron Eleven,11112929,patron11@mail.com,"Book1, Jude Smith, 839",5/25/19,"Book34, Person One"
Patron Thirteen,11129929,patron13@mail.com,"Book1, Jude Smith, 839",5/27/19,"Book34, Person One"
Patron Twelve,11140040,patron12@mail.com,"Book1, Jude Smith, 839",5/26/19,"Book34, Person One"
Mad Max,20029922,madmax@mail.com,"Best Story, Steve Doe, 493",3/2/19,"Fun Book, Cool Man"
Patron Twentytwo,22881818,patron22@mail.com,"Book1, Jude Smith, 839",6/21/19,"Book34, Person One"
Patron Twentyfive,23838833,patron25@mail.com,"Book1, Jude Smith, 839",4/21/19,"Book34, Person One"
Patron Twentynine,29847744,patron29@mail.com,"Book1, Jude Smith, 839",10/16/19,"Book34, Person One"
Patron Twentythree,30039911,patro23@mail.com,"Book1, Jude Smith, 839",2/16/19,"Book34, Person One"
Patron Twenyone,38819191,patron21@mail.com,"Book1, Jude Smith, 839",6/20/19,"Book34, Person One"
Patron Twentyeight,38829222,patron28@mail.com,"Book1, Jude Smith, 839",9/16/19,"Book34, Person One"
Patron Twentyseven,38949201,patron27@mail.com,"Book1, Jude Smith, 839",7/16/19,"Book34, Person One"
Patron Nineteen,38992992,patron19@mail.com,"Book1, Jude Smith, 839",6/18/19,"Book34, Person One"
Patron Sixteen,39001011,patron16@mail.com,"Book1, Jude Smith, 839",5/30/19,"Book34, Person One"
Patron Fourteen,48892933,patron14@mail.com,"Book1, Jude Smith, 839",5/28/19,"Book34, Person One"
Patron Fifteen,48999111,patron15@mail.com,"Book1, Jude Smith, 839",5/29/19,"Book34, Person One"
Patron Seventeen,59209333,patron17@mail.com,"Book1, Jude Smith, 839",6/16/19,"Book34, Person One"
Patron Twentyfour,87747733,patron24@mail.com,"Book1, Jude Smith, 839",3/16/19,"Book34, Person One"
Patron Twentysix,89393833,patron26@mail.com,"Book1, Jude Smith, 839",6/22/19,"Book34, Person One"
Patron Eighteen,99828288,patron18@mail.com,"Book1, Jude Smith, 839",6/17/19,"Book34, Person One"